mobility_label,found,recall@10,recall@20,mrr,ndcg@10,ndcg@20
explorer,0.20675105485232068,0.04219409282700422,0.07172995780590717,0.01576249473746595,0.018278079288779354,0.025406372652719274
one_area,0.21875,0.03515625,0.046875,0.019448472399269567,0.01973506573339917,0.022653474107319292
sparse,0.039316239316239315,0.005128205128205128,0.015384615384615385,0.004806921380534865,0.003958059618437143,0.006476612982991424
two_area,0.13580246913580246,0.012345679012345678,0.024691358024691357,0.005400224259387539,0.0035687015594800973,0.006474984440549706
