{
  "n_users_evaluated": 1159,
  "hit_rate": 0.11993097497842968,
  "Recall@10": 0.01984469370146678,
  "Recall@20": 0.03451251078515962,
  "MRR": 0.010322681069556278,
  "NDCG@10": 0.010343926938994401,
  "NDCG@20": 0.013920528062901392
}