{
  "n_users_evaluated": 1159,
  "hit_rate": 0.0362381363244176,
  "Recall@10": 0.006902502157031924,
  "Recall@20": 0.01725625539257981,
  "MRR": 0.004279547893875988,
  "NDCG@10": 0.003991152579236819,
  "NDCG@20": 0.0065636586336490724
}